Person1,Person2
ZGKLA5287H,DAJPC4150P
CTUGE1616I,PEVFV4506Y
LQDTD5444T,YUGFJ2046V
DDWCH0856B,NLXBC1905E
PAOTD0722J,YSNCH0058E
YSNCH0058E,KOAHM4127V
IDKAU8404X,AALAE0983J
PAOTD0722J,IDKAU8404X
RCPLI5103X,SJRGW6993R
SJRGW6993R,JBBLZ1931E
JBBLZ1931E,FJECZ5248L
FJECZ5248L,AEZJI0104B
AEZJI0104B,ROWTD0056J
ROWTD0056J,JBBLZ1931E
FJECZ5248L,ROWTD0056J
DAJPC4150P,JBBLZ1931E
PEVFV4506Y,FJECZ5248L
YUGFJ2046V,AEZJI0104B
NLXBC1905E,ROWTD0056J
YBVFO2576K,KHWLF7897I
QUPFY1746K,AYOFH0376H
GTQFD6431B,WMGAR7012T
DRTFB7756K,QQFAX1977U
XJELO0342F,UWLLT4061A
UHAHZ2587S,FXBJN0247N
GKUPF4474T,SAMCR3642G
WLQFI7038P,MLOBK0731T
YRUHY0179Q,SSHFH7836L
GAGAH3245V,TGDGZ2038T
YKWJC5903I,PVDFE0951I
DTMCS6680V,KQRFG1545K
DPABK1472L,YKZAB5013Z
ANVGQ8532K,UHZGS9242U
MXJTH3636M,NVSTJ3272O
CNGLA9287F,DFFLO5270K
OKKJN0258I,OWOGB9261H
QILTZ8532O,FUAFH6837M
JDAFT2161A,VISGD9140Y
OLACF7728R,RSFJI1636U
NWIFJ1176T,RCVBG4155T
OKEFL1710D,EJUJE7871C
WQKAY1139O,EUSBZ5085S
YRJFW2879O,UGKPA0908W
JNAGH5698O,KPNFS1126R
DEIGD3182O,YHPGK3190Y
WGUCE0485T,YLCLU2197M
TTALK7944X,VLYBE4157N
CQAHR7927I,MRZFU0871K
HVDFY0514H,OSHGB2787Y
FBSGM0739Q,INCFO7502J
TQHPO8546V,IFXCY5212W
KPLGX2291E,DWOGF0901C
GDIBP5279W,VWSTG0688N
NRYCQ6432P,KUDBD2558W
HTHCS4756W,UJSLN8410E
QMCBE1005E,QSNFG5259Q
UNPFQ7079J,OPEHH4192O
ZCZCT0125P,IJILL4462X
HBHFR8679R,PMWJB5161H
LFEPK0917Y,STJBH6935V
ZCZCT0125P,RQNCY6637U
HBHFR8679R,SGJCL4010S
LFEPK0917Y,QEQGE4833J
KJQJV7685E,NQTBK7795K
KPJPQ6641R,HVKAM7161C
GDABP9486I,PWZBS9387T
LFPCH2965C,AGPCB3705U
SATTK8335I,VANGI7545E
NBKGE0582E,UTUHL1470G
WHDLJ5834E,LPRLY2520G
ISRPX5052D,CFUTL2818U
NOBCG7622V,YEJAG9353Q
IJTTX4808C,SABJQ6895V
HCCGZ0174P,QEHPG3612A
AWBFH0855D,LQQLI8065C
BADCM0193J,DKBFI9506L
KVBCX0303W,AFPLH2619Y
HNPFW2337S,RABBV9445R
WBXTW7604H,OQFLS1069B
CQNBT9019R,ERIPC1171E
DQNPA7873J,WSZFC4585W
LFCTN1446P,QJGCN8376S
WBXTW7604H,JFYTV3906X
CQNBT9019R,EXCPB1503P
DQNPA7873J,RNMAZ4119E
LFCTN1446P,VZEJA4128C
DAJPC4150P,LFEPK0917Y
PEVFV4506Y,ZCZCT0125P
YUGFJ2046V,HBHFR8679R
NLXBC1905E,LFEPK0917Y
YSNCH0058E,KJQJV7685E
KOAHM4127V,KPJPQ6641R
AALAE0983J,GDABP9486I
IDKAU8404X,LFPCH2965C
SJRGW6993R,SATTK8335I
JBBLZ1931E,NBKGE0582E
FJECZ5248L,WHDLJ5834E
AEZJI0104B,ISRPX5052D
ROWTD0056J,NOBCG7622V
JBBLZ1931E,IJTTX4808C
ROWTD0056J,HCCGZ0174P
JBBLZ1931E,AWBFH0855D
FJECZ5248L,BADCM0193J
AEZJI0104B,KVBCX0303W
ROWTD0056J,HNPFW2337S
KHWLF7897I,WBXTW7604H
AYOFH0376H,CQNBT9019R
WMGAR7012T,DQNPA7873J
QQFAX1977U,LFCTN1446P
UWLLT4061A,WBXTW7604H
FXBJN0247N,CQNBT9019R
SAMCR3642G,DQNPA7873J
SAMCR3642G,LFCTN1446P
ZGKLA5287H,RCVBG4155T
CTUGE1616I,EJUJE7871C
LQDTD5444T,EUSBZ5085S
DDWCH0856B,UGKPA0908W
PAOTD0722J,KPNFS1126R
YSNCH0058E,YHPGK3190Y
IDKAU8404X,YLCLU2197M
PAOTD0722J,VLYBE4157N
RCPLI5103X,MRZFU0871K
SJRGW6993R,OSHGB2787Y
JBBLZ1931E,INCFO7502J
FJECZ5248L,IFXCY5212W
AEZJI0104B,DWOGF0901C
ROWTD0056J,VWSTG0688N
FJECZ5248L,KUDBD2558W
DAJPC4150P,UJSLN8410E
PEVFV4506Y,QSNFG5259Q
YUGFJ2046V,OPEHH4192O
NLXBC1905E,IJILL4462X
YBVFO2576K,PMWJB5161H
QUPFY1746K,STJBH6935V
GTQFD6431B,RQNCY6637U
DRTFB7756K,SGJCL4010S
XJELO0342F,QEQGE4833J
UHAHZ2587S,NQTBK7795K
DRTFB7756K,HVKAM7161C
XJELO0342F,PWZBS9387T
UHAHZ2587S,AGPCB3705U
SJRGW6993R,WMGAR7012T
JBBLZ1931E,QQFAX1977U
FJECZ5248L,UWLLT4061A
AEZJI0104B,FXBJN0247N
ROWTD0056J,SAMCR3642G
JBBLZ1931E,MLOBK0731T
ROWTD0056J,SSHFH7836L
JBBLZ1931E,TGDGZ2038T
FJECZ5248L,PVDFE0951I
AEZJI0104B,KQRFG1545K
ROWTD0056J,YKZAB5013Z
KHWLF7897I,UHZGS9242U
AYOFH0376H,NVSTJ3272O